{
  "project_info": {
    "project_number": "472513250221",
    "firebase_url": "https://rsachat-73eff.firebaseio.com",
    "project_id": "rsachat-73eff",
    "storage_bucket": "rsachat-73eff.appspot.com"
  },
  "client": [
    {
      "client_info": {
        "mobilesdk_app_id": "1:472513250221:android:bcb3c45ceaec732f499724",
        "android_client_info": {
          "package_name": "com.luanegra.rsachat"
        }
      },
      "oauth_client": [
        {
          "client_id": "472513250221-80a86p66nuqc65nctfcd45tqpiuflf1p.apps.googleusercontent.com",
          "client_type": 1,
          "android_info": {
            "package_name": "com.luanegra.rsachat",
            "certificate_hash": "9339111c6fa162816b65ef4bc0c9f0ffc35d1cdc"
          }
        },
        {
          "client_id": "472513250221-rib78d5k4ei62hn75lplktl7c6a64tao.apps.googleusercontent.com",
          "client_type": 3
        }
      ],
      "api_key": [
        {
          "current_key": "AIzaSyCFLvoJfVeuh4LMuDF4-rxbD6nyl6j8fJ8"
        }
      ],
      "services": {
        "appinvite_service": {
          "other_platform_oauth_client": [
            {
              "client_id": "472513250221-rib78d5k4ei62hn75lplktl7c6a64tao.apps.googleusercontent.com",
              "client_type": 3
            }
          ]
        }
      }
    }
  ],
  "configuration_version": "1"
}